Column,Occupied,Total Density,Mean Density
α(1),1,3.5,3.5
β(2),2,10.5,5.25
γ(3),4,24.5,6.125
δ(4),2,15.5,7.75
ε(5),4,38.5,9.625
ϛ(6),3,15.5,5.166666666666667
ζ(7),5,31.5,6.3
η(8),0,0.0,0.0
θ(9),5,24.5,4.9
ι(10),4,31.0,7.75
ια(11),3,19.5,6.5
ιβ(12),1,6.5,6.5
ιγ(13),4,33.5,8.375
ιδ(14),1,4.5,4.5
ιε(15),2,8.5,4.25
ιϛ(16),3,20.0,6.666666666666667
ιζ(17),5,30.0,6.0
ιη(18),6,26.5,4.416666666666667
ιθ(19),5,24.5,4.9
κ(20),5,28.5,5.7
κα(21),1,17.0,17.0
κβ(22),4,26.0,6.5
κγ(23),2,16.5,8.25
κδ(24),0,0.0,0.0
κε(25),6,59.5,9.916666666666666
κϛ(26),3,17.0,5.666666666666667
κζ(27),5,38.0,7.6
κη(28),3,22.0,7.333333333333333
