Column,Occupied Cells,Occupancy %,Total Density,Mean Density,Minimum Density,Maximum Density
1,1,14.285714285714285,3.5,3.5,3.5,3.5
2,2,28.57142857142857,10.5,5.25,4.5,6.0
3,4,57.14285714285714,24.5,6.125,4.5,9.0
4,2,28.57142857142857,15.5,7.75,6.5,9.0
5,4,57.14285714285714,38.5,9.625,4.0,15.0
6,3,42.857142857142854,15.5,5.166666666666667,5.0,5.5
7,5,71.42857142857143,31.5,6.3,3.5,10.0
8,0,0.0,0.0,0.0,0.0,0.0
9,5,71.42857142857143,24.5,4.9,4.0,5.5
10,4,57.14285714285714,31.0,7.75,4.0,11.0
11,3,42.857142857142854,19.5,6.5,4.5,10.0
12,1,14.285714285714285,6.5,6.5,6.5,6.5
13,4,57.14285714285714,33.5,8.375,4.5,14.0
14,1,14.285714285714285,4.5,4.5,4.5,4.5
15,2,28.57142857142857,8.5,4.25,3.5,5.0
16,3,42.857142857142854,20.0,6.666666666666667,4.0,9.5
17,5,71.42857142857143,30.0,6.0,4.5,10.0
18,6,85.71428571428571,26.5,4.416666666666667,3.5,6.0
19,5,71.42857142857143,24.5,4.9,4.0,6.5
20,5,71.42857142857143,28.5,5.7,2.5,11.5
21,1,14.285714285714285,17.0,17.0,17.0,17.0
22,4,57.14285714285714,26.0,6.5,5.0,10.0
23,2,28.57142857142857,16.5,8.25,6.5,10.0
24,0,0.0,0.0,0.0,0.0,0.0
25,6,85.71428571428571,59.5,9.916666666666666,4.0,20.0
26,3,42.857142857142854,17.0,5.666666666666667,5.0,6.0
27,5,71.42857142857143,38.0,7.6,4.0,16.0
28,3,42.857142857142854,22.0,7.333333333333333,5.0,10.5
